place,name
Danforth,Grilled Ham Steak
Danforth,Crispy Tater Puffs
Danforth,Scrambled Eggs
Danforth,Buttermilk Pancakes
Danforth,Tortilla Chips
Danforth,Chipotle Meatloaf
Danforth,Broccoli
Danforth,White Rice
Danforth,Squash &amp; Zucchini
Danforth,Dinner Roll
Danforth,Rotisserie-style Chicken
Danforth,Country Chicken Gravy
Danforth,Homestyle Mashed Potatoes
Danforth,Homestyle Macaroni Salad
Danforth,Spicy Garlic Spinach
Danforth,Bbq Pork Sandwich
Danforth,Roasted Carrots
Danforth,Chicken Tenders
Danforth,Buttermilk Biscuit
Danforth,Scallion Mashed Potatoes
Danforth,Broccoli Rabe With Tomatoes
Danforth,Antipasto Salad
Danforth,Eggplant Parmesan Melt
Danforth,French Toast
Danforth,Pork Sausage Link
Danforth,Crispy Tater Puffs
Danforth,Classic Cheese Pizza
Danforth,Cajun Pizza
Danforth,Cheeseless Pizza
Danforth,Ham &amp; Swiss Sub
Danforth,Primavera Casserole
Danforth,Grilled Vegetable Stromboli
Danforth,Chicken &amp; Spinach Stromboli
Danforth,Stuffed Meatball
Danforth,Classic Cheese Pizza
Danforth,Sausage Pizza
Danforth,Classic Cheese Pizza
Danforth,Pepperoni Pizza
Danforth,Bagels Your Way
Danforth,Fried Egg
Danforth,Fruit And Yogurt Parfait
Danforth,Potato And Sweet Potato Hash
Danforth,Signature Chips
Danforth,Grilled Portabello Wrap
Danforth,Pesto Turkey &amp; Mozzarella Panini
Danforth,Pepperoni Melt
Danforth,Signature Chips
Danforth,Cucumber Feta Melt
Danforth,Salt &amp; Pepper Chips
Danforth,Grilled Ham &amp; Cheese Sandwich
Danforth,Four Cheese Panini
Danforth,Grilled Cheese With Tomato
Danforth,Chicken Adobo Grilled Cheese
Danforth,Southwest Potato Chips
Danforth,Bagels Your Way
Danforth,Assorted Donuts
Danforth,Danish
Danforth,Sugar Cookies
Danforth,Chocolate Chip Blondie
Danforth,Chocolate Chip Cookie
Danforth,Apple Caramel Waffle
Danforth,Double Chocolate Cookie
Danforth,Chocolate Chip Cookie
Danforth,Pound Cake With Strawberries
Danforth,Chocolate Chip Cookie
Danforth,Oatmeal Raisin Cookie
Danforth,Chocolate Chip Cookie
Danforth,Oatmeal Raisin Cookie
Danforth,Crunchy S'mores Bar
Danforth,Chocolate Chip Cookie
Danforth,Oatmeal Raisin Cookie
Danforth,Chocolate Cupcake
Danforth,Oatmeal Raisin Cookie
Danforth,Cinnamon Rolls
Danforth,Powdered Sugar Donut Bites
Danforth,Criss Cut Fries
Danforth,Grilled Herb Chicken Sandwich
Danforth,Mushroom Swiss Burger
Danforth,Straight Fries
Danforth,Falafel Pita Salad
Danforth,Chicken Satay With Jasmine Rice
Danforth,Crepes &amp;  Strawberry Filled (scratch)
Danforth,Tuna &amp; Cheddar Panini
Danforth,Straight Fries
Danforth,Loaded Fish Tacos
Danforth,Criss Cut Fries
Danforth,Turkey Burger Wheat
Danforth,Omelet Station
Danforth,Yellow Rice
Danforth,Indian Grilled Chicken
Danforth,Tilapia With Mango Salsa
Danforth,White Rice
Danforth,Grilled Cajun Chicken
Danforth,White Rice
Danforth,Vegetable Fried Rice
Danforth,Key West Catfish
Danforth,Omelet Station
Danforth,Asian Slaw
Danforth,Seafood Pasta Salad
Danforth,Curried Rice Salad
Danforth,Farro Vegetable Salad
Danforth,Cucumber Raita Salad
Danforth,Creamy Ranch Pasta Salad
Danforth,Malaysian Fish Curry
Danforth,Wild Mushroom Pasta
Danforth,Crudites With Ranch Dressing
Danforth,Malaysian Chicken Salad
Danforth,Mushroom Alfredo Pasta
Danforth,Braised Cabbage
Danforth,Caesar Salad
Danforth,Pork Pot Stickers
Danforth,Chicken Rogan Josh
Danforth,Chicken Tikka Masala
Danforth,Chunky Potato Chowder
Danforth,Vegetable  Rice Soup
Danforth,Chili Con Carne
Danforth,Beef Barley Mushroom Soup
Danforth,Chile Cheddar Potato Soup
Danforth,Sweet Tomato Soup
Danforth,Chicken Cream Soup
Danforth,Italian Wedding Soup
Danforth,Cream Of Broccoli Soup
Danforth,Vegetable Orzo Soup
Danforth,Chicken Noodle Soup
Danforth,Indian Corn
Danforth,New England Clam Chowder
Danforth,Pasta Fagioli
Danforth,Beef Vegetable Soup
Danforth,Tofu Stir Fry With Thai Red Curry Sauce
Danforth,Vegetable Soup With Brown Rice
Danforth,Pepper &amp;  Onion &amp;  And Rice Wrap
Danforth,Lentil Vegetable Soup
Danforth,Asian Sesame Pasta
Danforth,Vegetable Soup
Danforth,Broccoli Rabe And Polenta
Danforth,Vegan Jambalaya
Danforth,Black Bean Corn Salad
Danforth,Black Bean Soup
Danforth,Butternut Squash Soup
Danforth,Bombay Aloo
Danforth,Vegan Three Bean Chili
Danforth,Garden Vegetables
Danforth,Marinara Sauce
Danforth,Garlic Breadstick
Danforth,Lasagna W/ Cheese
Danforth,Cornbread
Danforth,Vegetarian Baked Beans
Danforth,Bbq Pulled Pork
Danforth,Old-fashioned Cole Slaw
Danforth,Papas Rancheras
Danforth,Roasted Corn
Danforth,Bbq Glazed Turkey With Orange Salsa
Danforth,Meatballs
Danforth,Spaghetti
Danforth,Garlic Breadstick
Danforth,Greek Salad
Danforth,Sauteed Green Beans &amp; Tomatoes
Danforth,Pesto Flank Steak
Danforth,Baked Sweet Potato
Danforth,Dinner Roll
Danforth,Broccoli &amp; Cauliflower
Danforth,Brown Sugar Glazed Ham
Danforth,Rye Bread
Danforth,Honey Orange Roasted Potatoes
Danforth,Honey Mustard
Danforth,Roasted Carrots
Danforth,Beef Pot Roast &amp; Gravy
Danforth,White Rice
Danforth,Classic Cheese Pizza
Danforth,Cajun Pizza
Danforth,Margherita Stromboli
Danforth,Cheeseless Pizza
Danforth,Roasted Vegetable Pizza
Danforth,Chicken Nachos
Danforth,Grilled Vegetable Quesadilla
Danforth,Sausage Pizza
Danforth,Cheeseless Eggplant Pizza
Danforth,Classic Cheese Pizza
Danforth,Classic Cheese Pizza
Danforth,Pepperoni &amp;  Onion &amp;  Jalapeno Pizza
Danforth,Tuna Salad &amp; Spinach Sandwich
Danforth,Signature Chips
Danforth,Cheddar-apple Melt
Danforth,California Turkey Sandwich
Danforth,Eggplant Marinara Panini
Danforth,Salt &amp; Pepper Chips
Danforth,Chicken Fajita Salad
Danforth,Veg Fajita Salad
Danforth,Pesto Vegetable Melt
Danforth,Italian Sandwich
Danforth,Dill Pickle Spears
Danforth,Curried Turkey &amp; Apple Wrap
Danforth,Ranch Potato Chips
Danforth,Grilled Vegetable Wrap
Danforth,Tabbouleh
Danforth,Gyro
Danforth,Ched Apple Panini
Danforth,Ham Ched Apple Panini
Danforth,Dill Pickle Spears
Danforth,Chocolate Chip Cookie
Danforth,Vanilla Cupcake
Danforth,Sugar Cookie
Danforth,Sugar Cookies
Danforth,Chocolate Chip Cookie
Danforth,Blueberry Shortcake
Danforth,Sugar Cookies
Danforth,Chocolate Chip Cookie
Danforth,Boston Cream Parfait
Danforth,Oatmeal Raisin Cookie
Danforth,Chocolate Chip Cookie
Danforth,Brownie Ice Cream Sundae
Danforth,Chocolate Chip Cookie
Danforth,Vanilla Cake
Danforth,Oatmeal Raisin Cookie
Danforth,Oatmeal Raisin Cookie
Danforth,Peaches And Cream Sopaipillas
Danforth,Chocolate Chip Cookie
Danforth,Ice Cream Sundae
Danforth,Oatmeal Raisin Cookie
Danforth,Chocolate Chip Cookie
Danforth,Criss Cut Fries
Danforth,Grilled Herb Chicken Sandwich
Danforth,Straight Fries
Danforth,Chicken Cheesesteak Sandwich
Danforth,Red-skin Potato Salad
Danforth,Pastrami &amp; Swiss Cheese Panini
Danforth,Crepes &amp;  Strawberry Filled (scratch)
Danforth,Straight Fries
Danforth,Turkey Hot Dog
Danforth,Loaded Fish Tacos
Danforth,Criss Cut Fries
Danforth,Turkey Burger
Danforth,Creole Rice
Danforth,Rosemary Pork Chop
Danforth,Blackened Tofu Taco
Danforth,Asian Pepper Steak
Danforth,White Rice
Danforth,Omelet Station
Danforth,Jasmine Rice
Danforth,Harissa Chicken
Danforth,Chili-lime Noodles With Beef
Danforth,Rice Noodles
Danforth,Chilled Grilled Vegetables
Danforth,Rosemary Polenta
Danforth,Southwest Black Beans
Danforth,Asian Slaw
Danforth,Italian Pasta Salad
Danforth,Seafood Pasta Salad
Danforth,Curried Rice Salad
Danforth,Apple Bacon Coleslaw
Danforth,Cucumber Raita Salad
Danforth,Creamy Ranch Pasta Salad
Danforth,Pesto Pepper Tomato Cellentani Salad
Danforth,Sauteed Pierogies
Danforth,Pork Lo Mein
Danforth,Edamame Mushroom Risotto
Danforth,Penne &amp; Sausage
Danforth,Chicken Tikka Masala
Danforth,Thai Red Curry Chicken
Danforth,Chunky Potato Chowder
Danforth,Vegetable  Rice Soup
Danforth,Chili Con Carne
Danforth,Chile Cheddar Potato Soup
Danforth,Barley Lentil Soup
Danforth,Sweet Tomato Soup
Danforth,Chicken Cream Soup
Danforth,Cream Of Broccoli Soup
Danforth,Italian Wedding Soup
Danforth,Indian Corn
Danforth,Chicken Noodle Soup
Danforth,Pasta Fagioli
Danforth,New England Clam Chowder
Danforth,Beef Vegetable Soup
Danforth,Cheddar Cauliflower And Apple Soup
Danforth,Red Lentils And Bulger
Danforth,Potato Chick Pea Curry
Danforth,Vegetable Soup With Brown Rice
Danforth,Lentil Vegetable Soup
Danforth,Rrp Linguine
Danforth,Farro Salad
Danforth,Vegetable Soup
Danforth,Vegetable Orzo Soup
Danforth,Aloo Gobi
Danforth,African Brown Rice Pilaf
Danforth,Szechuan Tofu Noodle Bowl
Danforth,Butternut Sw Pot
Douglass,Vegan Oatmeal Cookie
Douglass,Chocolate Chip Cookie
Douglass,Banana Pudding Parfait
Douglass,Turtle Brownies
Douglass,Honey Lemon Rice Pudding
Douglass,Chocolate Chip Cookie
Douglass,Oatmeal Raisin Cookie
Douglass,Red Velvet Cream Cheese Bar
Douglass,Chocolate Chip Blondie
Douglass,Peanut Butter Cookie
Douglass,Chocolate Chip Cookie
Douglass,Sugar Cookie
Douglass,Famous Mint Brownie
Douglass,Brownie Cappuccino Mousse Parfait
Douglass,Chocolate Chip Cookie
Douglass,Sugar Cookie
Douglass,Peanut Butter Cookie
Douglass,Chocolate Chip Cookie
Douglass,Chocolate Brownie
Douglass,Brownie Cappuccino Mousse Parfait
Douglass,Bacon &amp; Cheddar Grilled Chicken
Douglass,Crispy Shoestring French Fries
Douglass,Crispy Chicken Sandwich
Douglass,Grilled Herb Chicken Sandwich
Douglass,Hot Dog
Douglass,Hamburger
Douglass,Carrot Sticks
Douglass,Grilled Ham &amp; Cheese Sandwich
Douglass,Turkey Burger
Douglass,Crispy Chicken Sandwich
Douglass,Hamburger
Douglass,Crispy Shoestring French Fries
Douglass,Carrot Sticks
Douglass,Crispy Chicken Sandwich
Douglass,Grilled Herb Chicken Sandwich
Douglass,Hot Dog
Douglass,Hamburger
Douglass,Crispy Shoestring French Fries
Douglass,Buffalo Chicken Sandwich
Douglass,Carrot Sticks
Douglass,Crispy Chicken Sandwich
Douglass,Hamburger
Douglass,Turkey Hot Dog
Douglass,Carrot Sticks
Douglass,Crispy Shoestring French Fries
Douglass,Chicken Adobo Grilled Cheese
Douglass,Crispy Chicken Pepper Jack Slider
Douglass,Carrot Sticks
Douglass,Crispy Chicken Sandwich
Douglass,Grilled Herb Chicken Sandwich
Douglass,Hot Dog
Douglass,Hamburger
Douglass,Crispy Shoestring French Fries
Douglass,Macaroni Bake
Douglass,Kung Pao Tofu
Douglass,Brown Rice
Douglass,Crispy Zucchini
Douglass,Grillades &amp; Grits
Douglass,Peas &amp; Carrots
Douglass,Blackened Tofu Taco
Douglass,Fresh Collard Greens
Douglass,Batter-fried Chicken
Douglass,Baked Macaroni &amp; Cheese
Douglass,Penne With Summer Vegetables
Douglass,Grilled Veggie &amp; Black Bean Wrap
Douglass,Mashed Potatoes With Corn
Douglass,Meatloaf
Douglass,Country Beef Gravy
Douglass,Lemon Broccoli Rice
Douglass,Creole Sauce
Douglass,Fresh Tomato &amp; Basil Penne
Douglass,Roast Beef
Douglass,Soba Noodles With Chicken
Douglass,Soba Noodles With Vegetables
Douglass,Soba Noodles With Vegetables
Douglass,Soba Noodles With Pork
Douglass,Soba Noodles With Beef
Douglass,Soba Noodles With Vegetables
Douglass,Soba Noodles With Vegetables
Douglass,Soba Noodles With Turkey
Douglass,Soba Noodles With Chicken
Douglass,Soba Noodles With Vegetables
Douglass,Buffalo Chicken Pizza
Douglass,Classic Cheese Pizza
Douglass,Pepperoni Pizza
Douglass,Classic Cheese Pizza
Douglass,Pepperoni Pizza
Douglass,Marinara Sauce
Douglass,Meatball Stromboli
Douglass,Classic Cheese Pizza
Douglass,Chicken Fajita Pizza
Douglass,Pepperoni Pizza
Douglass,Meat Lover's Mini Calzone
Douglass,Marinara Sauce
Douglass,Classic Cheese Pizza
Douglass,Pepperoni Pizza
Douglass,Classic Cheese Pizza
Douglass,Bbq Chicken Pizza
Douglass,Pepperoni Pizza
Douglass,Salad Bar
Douglass,Chilled Marinated Cucumbers
Douglass,Dilled Potato Salad
Douglass,Salad Bar
Douglass,Salad Bar
Douglass,Tangy Cucumber Salad
Douglass,Marinated Tomato Salad
Douglass,Salad Bar
Douglass,Southwest Quinoa &amp; Corn Salad
Douglass,Salad Bar
Douglass,Tomato Basil Soup
Douglass,Chicken Noodle Soup
Douglass,Vegan Three Bean Chili
Douglass,White Chicken Chili
Douglass,Tomato Basil Soup
Douglass,Corn Chowder
Douglass,Tomato Basil Soup
Douglass,Lentil Vegetable Soup
Douglass,Loaded Potato Soup With Bacon
Douglass,Tomato Basil Soup
Douglass,Chicken Vegetable Soup
Douglass,Split Pea Soup With Ham
Douglass,Tomato Basil Soup
Douglass,Italian Wedding Soup
Douglass,Lobster Bisque
Douglass,Apple Pear Crisp
Douglass,Spiced Chocolate Cupcake
Douglass,Chocolate Chip Cookie
Douglass,Sugar Cookie
Douglass,Apple Pear Crisp
Douglass,Banana Thimble Cake
Douglass,Chocolate Chip Cookie
Douglass,Sugar Cookie
Douglass,Raspberry-lemon Whoopie Pie
Douglass,Banana Thimble Cake
Douglass,Peanut Butter Cookie
Douglass,Chocolate Chip Cookie
Douglass,Salsa Cheddar Quesadilla
Douglass,Carrot Sticks
Douglass,Turkey Burger
Douglass,Gardenburger
Douglass,Grilled Herb Chicken Sandwich
Douglass,Hamburger
Douglass,Crispy Shoestring French Fries
Douglass,Rachel Panini
Douglass,Grilled Cheese Sandwich
Douglass,Crispy Chicken Sandwich
Douglass,Hot Dog
Douglass,Hamburger
Douglass,Crispy Shoestring French Fries
Douglass,Carrot Sticks
Douglass,Italian Burger
Douglass,Carrot Sticks
Douglass,Turkey Hot Dog
Douglass,Gardenburger
Douglass,Grilled Herb Chicken Sandwich
Douglass,Hamburger
Douglass,Crispy Shoestring French Fries
Douglass,Honey-lemon Bbq Sauce
Douglass,Roasted Garlic Potatoes
Douglass,Corn On The Cob
Douglass,Vegetable Enchilada Verde
Douglass,Honey Lemon Bbq Chicken
Douglass,Veggie Bean Burger
Douglass,Sweet Potato Fries
Douglass,Okra With Corn &amp; Bacon
Douglass,Tangy Tomato Beef Brisket
Douglass,Baked Chipotle-orange Chicken
Douglass,Steakhouse Potatoes
Douglass,Steamed Peas &amp; Onions
Douglass,Gazpacho Salad
Douglass,Soba Noodles With Vegetables
Douglass,Soba Noodles With Pork
Douglass,Soba Noodles With Beef
Douglass,Soba Noodles With Vegetables
Douglass,Soba Noodles With Vegetables
Douglass,Soba Noodles With Turkey
Douglass,Buffalo Chicken Pizza
Douglass,Classic Cheese Pizza
Douglass,Pepperoni Pizza
Douglass,Classic Cheese Pizza
Douglass,Pepperoni Pizza
Douglass,Chicken Taco Melt
Douglass,Classic Cheese Pizza
Douglass,Chicken Fajita Pizza
Douglass,Pepperoni Pizza
Douglass,Salad Bar
Douglass,Dilled Potato Salad
Douglass,Salad Bar
Douglass,Tangy Cucumber Salad
Douglass,Marinated Tomato Salad
Douglass,Salad Bar
Douglass,Tomato Basil Soup
Douglass,Chicken Noodle Soup
Douglass,Vegan Three Bean Chili
Douglass,White Chicken Chili
Douglass,Tomato Basil Soup
Douglass,Corn Chowder
Douglass,Tomato Basil Soup
Douglass,Lentil Vegetable Soup
Douglass,Loaded Potato Soup With Bacon
Douglass,Tomato Basil Soup
Douglass,Chicken Vegetable Soup
Douglass,Split Pea Soup With Ham
Douglass,Iced Cinnamon Roll
Douglass,Sausage &amp; Egg Pizza
Douglass,Banana Nut Muffin
Douglass,Blueberry Muffin
Douglass,Buttermilk Biscuit
Douglass,Vanilla Iced Donut With Sprinkles
Douglass,Maple Spice Muffin
Douglass,Blueberry Scone
Douglass,Moist Apple Crumb Cake
Douglass,Powdered Sugar Donut
Douglass,Apple Cinnamon Scone
Douglass,Double Chocolate Chip Muffin
Douglass,Lemon Poppy Seed Muffin
Douglass,Cinnamon-sugar Donut
Douglass,Cheddar Buttermilk Biscuit
Douglass,Omelet Station
Douglass,Omelet Station
Douglass,Omelet Station
Douglass,Omelet Station
Douglass,Omelet Station
Douglass,Turkey Sausage Link
Douglass,French Toast
Douglass,Hash Brown Potatoes
Douglass,Bacon
Douglass,Scrambled Eggs
Douglass,Pancakes
Douglass,Pork Sausage Patty
Douglass,Scrambled Eggs
Douglass,Bacon
Douglass,Home Fries
Douglass,Scrambled Eggs
Douglass,Bacon
Douglass,O'brien Potatoes
Douglass,Turkey Sausage Patty
Douglass,Pancakes
Douglass,Crispy Tater Puffs
Douglass,Pancakes
Douglass,Scrambled Eggs
Douglass,Pork Sausage Links
Douglass,Bacon
Douglass,French Toast
Douglass,Turkey Bacon
Douglass,Scrambled Eggs
Douglass,Pork Sausage Links
Douglass,Bacon
Douglass,Sausage &amp; Egg Pizza
Douglass,Bacon &amp; Egg Pizza
Douglass,Southwest Egg &amp; Ham Pizza
Douglass,Country Breakfast Pizza
Douglass,Sausage &amp; Egg Pizza
Douglass,Fruit And Yogurt Bar
Douglass,Old Fashioned Oatmeal
Douglass,Fruit And Yogurt Bar
Douglass,Grits
Douglass,Fruit And Yogurt Bar
Douglass,Old Fashioned Oatmeal
Douglass,Fruit And Yogurt Bar
Douglass,Cream Of Wheat
Douglass,Fruit And Yogurt Bar
Douglass,Grits
The Pit,Mel Burger
The Pit,Feta And Pesto Grilled Pita Pizza
The Pit,Pit Burger
The Pit,Veggie Mel Burger
The Pit,Zweigles Italian Chicken Sausage
The Pit,Philly Cheesesteak Sandwich
The Pit,Greek Chicken Pita
The Pit,Grilled Cheese Sandwich
The Pit,Cheeseburger
The Pit,Veggie Mel Burger
The Pit,Philly Cheesesteak Sandwich
The Pit,Zweigles Italian Chicken Sausage
The Pit,Feta And Pesto Grilled Pita Pizza
The Pit,Pit Burger
The Pit,Mel Burger
The Pit,Greek Chicken Pita
The Pit,Cheeseburger
The Pit,Grilled Cheese Sandwich
The Pit,Veggie Mel Burger
The Pit,Philly Cheesesteak Sandwich
The Pit,Mel Burger
The Pit,Pit Burger
The Pit,Feta And Pesto Grilled Pita Pizza
The Pit,Zweigles Italian Chicken Sausage
The Pit,Greek Chicken Pita
The Pit,Grilled Cheese Sandwich
The Pit,Cheeseburger
The Pit,Philly Cheesesteak Sandwich
The Pit,Zweigles Italian Chicken Sausage
The Pit,Feta And Pesto Grilled Pita Pizza
The Pit,Veggie Mel Burger
The Pit,Pit Burger
The Pit,Mel Burger
The Pit,Greek Chicken Pita
The Pit,Cheeseburger
The Pit,Grilled Cheese Sandwich
The Pit,Philly Cheesesteak Sandwich
The Pit,Mel Burger
The Pit,Pit Burger
The Pit,Veggie Mel Burger
The Pit,Feta And Pesto Grilled Pita Pizza
The Pit,Zweigles Italian Chicken Sausage
The Pit,Greek Chicken Pita
The Pit,Grilled Cheese Sandwich
The Pit,Cheeseburger
The Pit,Philly Cheesesteak Sandwich
The Pit,Zweigles Italian Chicken Sausage
The Pit,Feta And Pesto Grilled Pita Pizza
The Pit,Veggie Mel Burger
The Pit,Pit Burger
The Pit,Mel Burger
The Pit,Cheeseburger
The Pit,Greek Chicken Pita
The Pit,Grilled Cheese Sandwich
The Pit,Philly Cheesesteak Sandwich
The Pit,Mel Burger
The Pit,Feta And Pesto Grilled Pita Pizza
The Pit,Pit Burger
The Pit,Veggie Mel Burger
The Pit,Zweigles Italian Chicken Sausage
The Pit,Grilled Cheese Sandwich
The Pit,Greek Chicken Pita
The Pit,Cheeseburger
The Pit,Cheesy Breadsticks
The Pit,Pepperoni Pizza
The Pit,Cheese Pizza
The Pit,Grilled Vegetable Pizza
The Pit,Cheesy Breadsticks
The Pit,Grilled Vegetable Pizza
The Pit,Pepperoni Pizza
The Pit,Cheese Pizza
The Pit,Cheesy Breadsticks
The Pit,Buffalo Chicken Pizza
The Pit,Pepperoni Pizza
The Pit,Sausage And Pepperoni Pizza
The Pit,Grilled Vegetable Pizza
The Pit,Cheese Pizza
The Pit,Cheesy Breadsticks
The Pit,Cheese Pizza
The Pit,Pepperoni Pizza
The Pit,Grilled Vegetable Pizza
The Pit,Cheesy Breadsticks
The Pit,Pepperoni Pizza
The Pit,Grilled Vegetable Pizza
The Pit,Cheese Pizza
The Pit,Cheesy Breadsticks
The Pit,Pepperoni Pizza
The Pit,Cheese Pizza
The Pit,Grilled Vegetable Pizza
The Pit,Grilled Vegetable Pizza
The Pit,Cheesy Breadsticks
The Pit,Pepperoni Pizza
The Pit,Cheese Pizza
<br />
<b>Fatal error</b>:  Maximum execution time of 30 seconds exceeded in <b>C:\xampp\htdocs\othersite\simple_html_dom.php</b> on line <b>1097</b><br />
